id,label
20800,0
20801,1
20802,0
20803,1
20804,1
20805,1
20806,1
20807,1
20808,0
20809,1
20810,0
20811,1
20812,0
20813,1
20814,1
20815,0
20816,0
20817,1
20818,1
20819,1
20820,1
20821,1
20822,0
20823,1
20824,1
20825,0
20826,1
20827,0
20828,0
20829,1
20830,1
20831,1
20832,0
20833,0
20834,1
20835,0
20836,1
20837,1
20838,0
20839,0
20840,0
20841,1
20842,1
20843,1
20844,0
20845,1
20846,1
20847,0
20848,1
20849,1
20850,0
20851,0
20852,0
20853,1
20854,1
20855,0
20856,1
20857,0
20858,0
20859,1
20860,1
20861,0
20862,0
20863,1
20864,1
20865,1
20866,0
20867,1
20868,0
20869,1
20870,1
20871,1
20872,0
20873,1
20874,0
20875,0
20876,0
20877,0
20878,1
20879,1
20880,0
20881,1
20882,1
20883,1
20884,0
20885,0
20886,1
20887,0
20888,0
20889,1
20890,1
20891,0
20892,0
20893,1
20894,1
20895,0
20896,0
20897,1
20898,0
20899,0
20900,1
20901,1
20902,1
20903,0
20904,0
20905,0
20906,0
20907,0
20908,1
20909,1
20910,0
20911,1
20912,1
20913,0
20914,1
20915,1
20916,0
20917,0
20918,1
20919,1
20920,1
20921,1
20922,1
20923,1
20924,1
20925,1
20926,1
20927,1
20928,1
20929,0
20930,1
20931,0
20932,1
20933,1
20934,1
20935,0
20936,0
20937,0
20938,0
20939,1
20940,1
20941,1
20942,0
20943,1
20944,1
20945,0
20946,1
20947,1
20948,0
20949,0
20950,1
20951,1
20952,0
20953,1
20954,0
20955,1
20956,1
20957,1
20958,0
20959,1
20960,1
20961,1
20962,1
20963,0
20964,0
20965,1
20966,1
20967,1
20968,1
20969,1
20970,1
20971,0
20972,1
20973,0
20974,0
20975,1
20976,0
20977,1
20978,1
20979,1
20980,0
20981,1
20982,1
20983,1
20984,0
20985,1
20986,0
20987,0
20988,1
20989,1
20990,1
20991,1
20992,0
20993,1
20994,1
20995,0
20996,0
20997,1
20998,1
20999,1
21000,0
21001,1
21002,1
21003,1
21004,1
21005,1
21006,1
21007,0
21008,1
21009,1
21010,0
21011,1
21012,1
21013,1
21014,0
21015,1
21016,1
21017,0
21018,0
21019,0
21020,0
21021,1
21022,0
21023,1
21024,0
21025,1
21026,1
21027,1
21028,0
21029,0
21030,0
21031,0
21032,0
21033,1
21034,1
21035,1
21036,0
21037,0
21038,1
21039,1
21040,1
21041,0
21042,0
21043,1
21044,0
21045,1
21046,1
21047,1
21048,0
21049,1
21050,1
21051,1
21052,0
21053,0
21054,0
21055,1
21056,1
21057,1
21058,1
21059,1
21060,1
21061,1
21062,1
21063,1
21064,1
21065,1
21066,1
21067,1
21068,0
21069,1
21070,0
21071,1
21072,0
21073,1
21074,0
21075,0
21076,0
21077,0
21078,0
21079,0
21080,1
21081,1
21082,1
21083,1
21084,1
21085,0
21086,0
21087,0
21088,1
21089,1
21090,0
21091,1
21092,0
21093,1
21094,0
21095,0
21096,1
21097,1
21098,1
21099,0
21100,1
21101,0
21102,0
21103,1
21104,1
21105,0
21106,1
21107,1
21108,0
21109,0
21110,1
21111,0
21112,1
21113,0
21114,1
21115,1
21116,0
21117,1
21118,0
21119,0
21120,0
21121,0
21122,0
21123,1
21124,0
21125,1
21126,1
21127,0
21128,0
21129,1
21130,0
21131,1
21132,1
21133,1
21134,0
21135,1
21136,0
21137,1
21138,0
21139,1
21140,1
21141,1
21142,1
21143,0
21144,1
21145,0
21146,1
21147,1
21148,1
21149,1
21150,0
21151,0
21152,1
21153,0
21154,0
21155,1
21156,1
21157,0
21158,1
21159,0
21160,0
21161,0
21162,1
21163,0
21164,1
21165,0
21166,1
21167,1
21168,1
21169,0
21170,0
21171,0
21172,1
21173,0
21174,0
21175,0
21176,1
21177,0
21178,0
21179,0
21180,0
21181,0
21182,0
21183,1
21184,1
21185,1
21186,0
21187,1
21188,1
21189,0
21190,0
21191,1
21192,0
21193,1
21194,1
21195,1
21196,1
21197,1
21198,1
21199,1
21200,0
21201,1
21202,1
21203,1
21204,1
21205,0
21206,1
21207,0
21208,0
21209,1
21210,0
21211,1
21212,1
21213,0
21214,1
21215,0
21216,0
21217,0
21218,1
21219,1
21220,0
21221,0
21222,0
21223,1
21224,0
21225,0
21226,1
21227,1
21228,0
21229,1
21230,0
21231,0
21232,0
21233,1
21234,0
21235,0
21236,0
21237,1
21238,1
21239,1
21240,1
21241,0
21242,0
21243,1
21244,0
21245,0
21246,1
21247,1
21248,1
21249,1
21250,1
21251,0
21252,1
21253,1
21254,1
21255,0
21256,0
21257,1
21258,0
21259,0
21260,1
21261,1
21262,0
21263,0
21264,1
21265,0
21266,0
21267,0
21268,0
21269,1
21270,0
21271,1
21272,0
21273,0
21274,1
21275,0
21276,0
21277,0
21278,0
21279,1
21280,1
21281,1
21282,1
21283,1
21284,1
21285,1
21286,1
21287,1
21288,1
21289,0
21290,0
21291,1
21292,0
21293,0
21294,1
21295,0
21296,0
21297,1
21298,1
21299,1
21300,0
21301,1
21302,0
21303,0
21304,1
21305,1
21306,1
21307,0
21308,0
21309,1
21310,1
21311,1
21312,1
21313,0
21314,0
21315,1
21316,0
21317,0
21318,1
21319,0
21320,0
21321,1
21322,1
21323,0
21324,0
21325,1
21326,0
21327,0
21328,1
21329,1
21330,1
21331,1
21332,0
21333,0
21334,0
21335,1
21336,0
21337,0
21338,1
21339,0
21340,0
21341,0
21342,0
21343,1
21344,1
21345,1
21346,0
21347,0
21348,0
21349,0
21350,0
21351,1
21352,1
21353,0
21354,1
21355,1
21356,1
21357,1
21358,0
21359,0
21360,0
21361,1
21362,1
21363,0
21364,0
21365,1
21366,1
21367,0
21368,1
21369,0
21370,0
21371,0
21372,1
21373,0
21374,0
21375,0
21376,1
21377,0
21378,1
21379,1
21380,1
21381,0
21382,0
21383,1
21384,0
21385,1
21386,1
21387,0
21388,0
21389,1
21390,0
21391,0
21392,0
21393,0
21394,0
21395,0
21396,1
21397,1
21398,1
21399,1
21400,1
21401,1
21402,1
21403,0
21404,0
21405,1
21406,0
21407,0
21408,0
21409,1
21410,0
21411,1
21412,0
21413,0
21414,0
21415,1
21416,1
21417,1
21418,0
21419,1
21420,0
21421,0
21422,1
21423,0
21424,0
21425,1
21426,1
21427,1
21428,1
21429,0
21430,1
21431,0
21432,1
21433,1
21434,1
21435,1
21436,1
21437,0
21438,0
21439,1
21440,0
21441,0
21442,1
21443,0
21444,1
21445,1
21446,1
21447,0
21448,1
21449,0
21450,1
21451,0
21452,1
21453,1
21454,0
21455,0
21456,0
21457,1
21458,0
21459,1
21460,1
21461,1
21462,1
21463,1
21464,0
21465,0
21466,0
21467,0
21468,0
21469,0
21470,1
21471,1
21472,1
21473,1
21474,0
21475,0
21476,1
21477,0
21478,1
21479,1
21480,1
21481,0
21482,0
21483,1
21484,0
21485,1
21486,1
21487,1
21488,1
21489,1
21490,0
21491,0
21492,1
21493,1
21494,0
21495,1
21496,1
21497,1
21498,1
21499,1
21500,1
21501,0
21502,1
21503,0
21504,1
21505,1
21506,1
21507,1
21508,1
21509,1
21510,0
21511,1
21512,1
21513,1
21514,1
21515,0
21516,0
21517,1
21518,1
21519,1
21520,0
21521,1
21522,0
21523,1
21524,1
21525,0
21526,0
21527,1
21528,1
21529,0
21530,0
21531,1
21532,0
21533,0
21534,0
21535,0
21536,0
21537,1
21538,1
21539,1
21540,1
21541,1
21542,1
21543,0
21544,0
21545,1
21546,1
21547,0
21548,1
21549,1
21550,1
21551,1
21552,0
21553,1
21554,1
21555,1
21556,1
21557,0
21558,0
21559,1
21560,0
21561,0
21562,1
21563,0
21564,1
21565,1
21566,0
21567,1
21568,0
21569,1
21570,0
21571,0
21572,0
21573,0
21574,1
21575,0
21576,0
21577,1
21578,1
21579,0
21580,1
21581,0
21582,1
21583,0
21584,1
21585,0
21586,1
21587,0
21588,1
21589,0
21590,0
21591,1
21592,1
21593,1
21594,1
21595,0
21596,0
21597,1
21598,0
21599,1
21600,0
21601,1
21602,1
21603,0
21604,0
21605,0
21606,0
21607,1
21608,1
21609,0
21610,1
21611,1
21612,1
21613,0
21614,0
21615,1
21616,0
21617,1
21618,0
21619,0
21620,0
21621,1
21622,1
21623,1
21624,1
21625,0
21626,0
21627,1
21628,0
21629,1
21630,0
21631,0
21632,1
21633,1
21634,1
21635,1
21636,1
21637,1
21638,1
21639,1
21640,1
21641,1
21642,0
21643,0
21644,0
21645,1
21646,0
21647,0
21648,0
21649,0
21650,0
21651,1
21652,1
21653,0
21654,1
21655,1
21656,1
21657,1
21658,1
21659,1
21660,1
21661,1
21662,0
21663,1
21664,1
21665,1
21666,1
21667,1
21668,1
21669,1
21670,0
21671,0
21672,0
21673,1
21674,1
21675,1
21676,0
21677,0
21678,1
21679,0
21680,1
21681,0
21682,1
21683,1
21684,1
21685,0
21686,1
21687,1
21688,1
21689,0
21690,0
21691,1
21692,0
21693,0
21694,1
21695,0
21696,0
21697,0
21698,0
21699,0
21700,1
21701,0
21702,1
21703,0
21704,1
21705,1
21706,0
21707,1
21708,0
21709,1
21710,0
21711,1
21712,1
21713,1
21714,1
21715,1
21716,0
21717,0
21718,0
21719,0
21720,0
21721,1
21722,0
21723,0
21724,1
21725,0
21726,1
21727,0
21728,1
21729,1
21730,1
21731,1
21732,1
21733,1
21734,0
21735,1
21736,0
21737,0
21738,0
21739,1
21740,1
21741,1
21742,1
21743,0
21744,0
21745,1
21746,1
21747,1
21748,0
21749,1
21750,0
21751,0
21752,1
21753,1
21754,1
21755,0
21756,1
21757,0
21758,1
21759,0
21760,0
21761,0
21762,1
21763,1
21764,0
21765,1
21766,1
21767,1
21768,0
21769,0
21770,0
21771,0
21772,0
21773,1
21774,0
21775,0
21776,1
21777,1
21778,1
21779,0
21780,0
21781,0
21782,1
21783,1
21784,0
21785,1
21786,1
21787,1
21788,1
21789,0
21790,1
21791,0
21792,1
21793,1
21794,1
21795,0
21796,1
21797,0
21798,1
21799,1
21800,0
21801,0
21802,1
21803,1
21804,0
21805,0
21806,1
21807,1
21808,0
21809,1
21810,1
21811,1
21812,0
21813,1
21814,1
21815,0
21816,1
21817,1
21818,0
21819,1
21820,0
21821,1
21822,1
21823,0
21824,1
21825,1
21826,1
21827,0
21828,1
21829,1
21830,1
21831,1
21832,0
21833,0
21834,1
21835,1
21836,1
21837,1
21838,1
21839,1
21840,0
21841,0
21842,0
21843,1
21844,1
21845,1
21846,1
21847,1
21848,1
21849,0
21850,1
21851,1
21852,1
21853,1
21854,1
21855,0
21856,1
21857,1
21858,0
21859,0
21860,0
21861,1
21862,1
21863,0
21864,0
21865,1
21866,0
21867,0
21868,1
21869,1
21870,1
21871,0
21872,0
21873,0
21874,1
21875,1
21876,1
21877,1
21878,1
21879,1
21880,1
21881,1
21882,1
21883,0
21884,1
21885,1
21886,1
21887,0
21888,1
21889,0
21890,0
21891,1
21892,1
21893,0
21894,0
21895,1
21896,1
21897,0
21898,1
21899,1
21900,1
21901,0
21902,1
21903,0
21904,1
21905,1
21906,0
21907,1
21908,0
21909,0
21910,0
21911,1
21912,0
21913,0
21914,1
21915,1
21916,0
21917,1
21918,0
21919,0
21920,1
21921,1
21922,0
21923,1
21924,0
21925,1
21926,1
21927,0
21928,0
21929,1
21930,1
21931,1
21932,1
21933,0
21934,1
21935,1
21936,1
21937,0
21938,1
21939,1
21940,1
21941,0
21942,1
21943,1
21944,1
21945,1
21946,0
21947,0
21948,1
21949,1
21950,0
21951,1
21952,1
21953,1
21954,1
21955,0
21956,0
21957,0
21958,1
21959,1
21960,1
21961,0
21962,0
21963,1
21964,1
21965,1
21966,0
21967,0
21968,0
21969,0
21970,0
21971,0
21972,0
21973,0
21974,1
21975,1
21976,1
21977,0
21978,0
21979,1
21980,1
21981,1
21982,0
21983,0
21984,1
21985,1
21986,1
21987,1
21988,0
21989,1
21990,1
21991,0
21992,1
21993,1
21994,1
21995,1
21996,0
21997,1
21998,0
21999,0
22000,0
22001,1
22002,1
22003,0
22004,1
22005,0
22006,1
22007,1
22008,0
22009,1
22010,0
22011,1
22012,1
22013,0
22014,1
22015,0
22016,1
22017,0
22018,0
22019,1
22020,0
22021,0
22022,0
22023,1
22024,1
22025,1
22026,1
22027,1
22028,1
22029,0
22030,1
22031,1
22032,1
22033,1
22034,1
22035,0
22036,0
22037,1
22038,0
22039,0
22040,0
22041,1
22042,1
22043,1
22044,0
22045,1
22046,1
22047,0
22048,0
22049,1
22050,1
22051,0
22052,0
22053,1
22054,1
22055,0
22056,0
22057,0
22058,0
22059,1
22060,1
22061,1
22062,0
22063,0
22064,1
22065,0
22066,0
22067,1
22068,1
22069,1
22070,0
22071,1
22072,0
22073,1
22074,1
22075,0
22076,1
22077,1
22078,0
22079,0
22080,1
22081,0
22082,0
22083,0
22084,0
22085,1
22086,0
22087,1
22088,1
22089,1
22090,1
22091,0
22092,1
22093,1
22094,1
22095,1
22096,1
22097,0
22098,1
22099,0
22100,1
22101,1
22102,1
22103,0
22104,1
22105,1
22106,0
22107,0
22108,1
22109,0
22110,0
22111,1
22112,1
22113,1
22114,1
22115,0
22116,0
22117,0
22118,1
22119,0
22120,1
22121,1
22122,1
22123,1
22124,1
22125,1
22126,1
22127,1
22128,1
22129,1
22130,1
22131,1
22132,0
22133,1
22134,0
22135,0
22136,1
22137,1
22138,1
22139,1
22140,0
22141,0
22142,0
22143,1
22144,1
22145,1
22146,0
22147,1
22148,0
22149,0
22150,0
22151,0
22152,1
22153,1
22154,0
22155,0
22156,0
22157,0
22158,0
22159,0
22160,0
22161,0
22162,0
22163,0
22164,0
22165,0
22166,1
22167,1
22168,1
22169,1
22170,0
22171,0
22172,0
22173,0
22174,1
22175,0
22176,0
22177,1
22178,1
22179,0
22180,1
22181,1
22182,0
22183,0
22184,1
22185,1
22186,1
22187,0
22188,0
22189,1
22190,1
22191,0
22192,1
22193,1
22194,1
22195,1
22196,0
22197,1
22198,1
22199,0
22200,0
22201,0
22202,1
22203,1
22204,1
22205,0
22206,0
22207,0
22208,0
22209,1
22210,0
22211,1
22212,0
22213,1
22214,0
22215,0
22216,1
22217,0
22218,0
22219,0
22220,0
22221,0
22222,0
22223,1
22224,0
22225,1
22226,0
22227,0
22228,1
22229,1
22230,1
22231,1
22232,0
22233,1
22234,0
22235,0
22236,1
22237,0
22238,1
22239,0
22240,1
22241,0
22242,1
22243,0
22244,1
22245,0
22246,0
22247,0
22248,1
22249,0
22250,1
22251,0
22252,1
22253,1
22254,0
22255,0
22256,1
22257,1
22258,1
22259,1
22260,0
22261,1
22262,1
22263,1
22264,1
22265,1
22266,0
22267,1
22268,0
22269,0
22270,0
22271,0
22272,1
22273,0
22274,0
22275,0
22276,1
22277,0
22278,1
22279,0
22280,0
22281,0
22282,0
22283,1
22284,0
22285,1
22286,1
22287,0
22288,0
22289,1
22290,0
22291,0
22292,0
22293,1
22294,1
22295,0
22296,1
22297,1
22298,0
22299,0
22300,0
22301,1
22302,0
22303,0
22304,1
22305,1
22306,0
22307,1
22308,0
22309,1
22310,1
22311,1
22312,1
22313,1
22314,1
22315,0
22316,0
22317,1
22318,0
22319,1
22320,0
22321,1
22322,1
22323,1
22324,0
22325,1
22326,1
22327,0
22328,0
22329,1
22330,0
22331,1
22332,1
22333,1
22334,1
22335,0
22336,0
22337,0
22338,1
22339,1
22340,0
22341,0
22342,1
22343,0
22344,1
22345,0
22346,1
22347,1
22348,1
22349,1
22350,0
22351,0
22352,0
22353,1
22354,1
22355,0
22356,1
22357,0
22358,1
22359,1
22360,1
22361,0
22362,1
22363,0
22364,1
22365,0
22366,1
22367,0
22368,0
22369,0
22370,0
22371,1
22372,1
22373,1
22374,0
22375,0
22376,1
22377,1
22378,0
22379,0
22380,0
22381,0
22382,1
22383,1
22384,1
22385,1
22386,0
22387,0
22388,0
22389,1
22390,1
22391,0
22392,0
22393,0
22394,0
22395,1
22396,1
22397,0
22398,0
22399,1
22400,0
22401,0
22402,1
22403,1
22404,0
22405,1
22406,1
22407,1
22408,0
22409,1
22410,0
22411,0
22412,1
22413,0
22414,1
22415,0
22416,0
22417,1
22418,1
22419,1
22420,0
22421,0
22422,0
22423,1
22424,0
22425,0
22426,0
22427,1
22428,0
22429,1
22430,0
22431,0
22432,1
22433,0
22434,0
22435,1
22436,0
22437,1
22438,1
22439,0
22440,1
22441,1
22442,1
22443,0
22444,1
22445,0
22446,0
22447,0
22448,0
22449,1
22450,1
22451,1
22452,1
22453,1
22454,0
22455,1
22456,1
22457,1
22458,0
22459,0
22460,0
22461,1
22462,0
22463,1
22464,0
22465,1
22466,1
22467,1
22468,1
22469,1
22470,0
22471,1
22472,1
22473,0
22474,0
22475,1
22476,0
22477,1
22478,1
22479,0
22480,1
22481,1
22482,1
22483,1
22484,0
22485,1
22486,1
22487,1
22488,0
22489,1
22490,0
22491,1
22492,0
22493,0
22494,1
22495,0
22496,0
22497,0
22498,1
22499,0
22500,0
22501,1
22502,1
22503,0
22504,0
22505,0
22506,0
22507,0
22508,1
22509,1
22510,1
22511,0
22512,0
22513,1
22514,1
22515,1
22516,1
22517,1
22518,1
22519,1
22520,1
22521,0
22522,1
22523,1
22524,1
22525,0
22526,1
22527,0
22528,0
22529,1
22530,1
22531,1
22532,1
22533,1
22534,1
22535,0
22536,0
22537,0
22538,0
22539,1
22540,0
22541,1
22542,1
22543,1
22544,1
22545,0
22546,0
22547,1
22548,1
22549,1
22550,0
22551,0
22552,0
22553,0
22554,0
22555,0
22556,1
22557,1
22558,1
22559,0
22560,1
22561,0
22562,1
22563,0
22564,0
22565,0
22566,0
22567,1
22568,0
22569,0
22570,0
22571,1
22572,0
22573,1
22574,1
22575,0
22576,1
22577,0
22578,0
22579,1
22580,0
22581,0
22582,0
22583,1
22584,1
22585,1
22586,0
22587,0
22588,1
22589,1
22590,0
22591,1
22592,0
22593,0
22594,0
22595,0
22596,0
22597,1
22598,0
22599,0
22600,1
22601,0
22602,0
22603,1
22604,1
22605,1
22606,0
22607,0
22608,1
22609,0
22610,0
22611,1
22612,0
22613,1
22614,0
22615,1
22616,0
22617,1
22618,1
22619,0
22620,0
22621,1
22622,1
22623,0
22624,0
22625,1
22626,1
22627,0
22628,1
22629,1
22630,1
22631,0
22632,1
22633,0
22634,0
22635,1
22636,1
22637,1
22638,0
22639,1
22640,1
22641,0
22642,0
22643,1
22644,1
22645,0
22646,0
22647,1
22648,0
22649,1
22650,1
22651,1
22652,1
22653,1
22654,1
22655,1
22656,0
22657,1
22658,0
22659,0
22660,1
22661,1
22662,0
22663,1
22664,1
22665,1
22666,1
22667,1
22668,0
22669,1
22670,1
22671,1
22672,1
22673,0
22674,1
22675,1
22676,1
22677,1
22678,0
22679,1
22680,1
22681,0
22682,1
22683,0
22684,0
22685,1
22686,1
22687,0
22688,0
22689,1
22690,1
22691,0
22692,1
22693,1
22694,1
22695,0
22696,0
22697,1
22698,0
22699,1
22700,0
22701,1
22702,1
22703,0
22704,1
22705,1
22706,1
22707,1
22708,0
22709,0
22710,1
22711,0
22712,0
22713,1
22714,0
22715,0
22716,1
22717,0
22718,1
22719,1
22720,0
22721,0
22722,0
22723,1
22724,0
22725,0
22726,0
22727,1
22728,1
22729,1
22730,1
22731,1
22732,0
22733,1
22734,1
22735,0
22736,1
22737,0
22738,0
22739,0
22740,1
22741,1
22742,1
22743,1
22744,0
22745,1
22746,1
22747,0
22748,1
22749,1
22750,0
22751,1
22752,1
22753,1
22754,0
22755,0
22756,0
22757,0
22758,0
22759,1
22760,1
22761,1
22762,1
22763,0
22764,1
22765,0
22766,0
22767,0
22768,0
22769,1
22770,1
22771,1
22772,1
22773,0
22774,1
22775,0
22776,0
22777,0
22778,0
22779,1
22780,0
22781,1
22782,0
22783,1
22784,1
22785,1
22786,0
22787,0
22788,1
22789,1
22790,1
22791,1
22792,1
22793,0
22794,0
22795,0
22796,1
22797,0
22798,1
22799,0
22800,1
22801,1
22802,0
22803,1
22804,0
22805,0
22806,1
22807,0
22808,0
22809,1
22810,0
22811,1
22812,0
22813,1
22814,0
22815,0
22816,0
22817,0
22818,1
22819,1
22820,0
22821,1
22822,1
22823,0
22824,1
22825,0
22826,0
22827,1
22828,0
22829,1
22830,0
22831,1
22832,0
22833,1
22834,1
22835,1
22836,1
22837,1
22838,0
22839,1
22840,1
22841,1
22842,1
22843,0
22844,1
22845,0
22846,1
22847,1
22848,1
22849,1
22850,1
22851,0
22852,0
22853,0
22854,0
22855,1
22856,0
22857,0
22858,1
22859,0
22860,0
22861,1
22862,0
22863,0
22864,0
22865,0
22866,1
22867,0
22868,0
22869,1
22870,0
22871,0
22872,0
22873,0
22874,0
22875,1
22876,1
22877,0
22878,0
22879,0
22880,1
22881,0
22882,1
22883,0
22884,0
22885,1
22886,0
22887,1
22888,0
22889,0
22890,0
22891,1
22892,1
22893,1
22894,0
22895,1
22896,0
22897,1
22898,1
22899,1
22900,1
22901,0
22902,1
22903,1
22904,0
22905,0
22906,1
22907,0
22908,1
22909,1
22910,1
22911,0
22912,0
22913,1
22914,1
22915,1
22916,0
22917,1
22918,0
22919,1
22920,1
22921,1
22922,0
22923,0
22924,0
22925,1
22926,0
22927,0
22928,1
22929,0
22930,1
22931,0
22932,0
22933,0
22934,1
22935,0
22936,0
22937,0
22938,1
22939,0
22940,1
22941,1
22942,1
22943,0
22944,1
22945,1
22946,0
22947,1
22948,1
22949,1
22950,1
22951,0
22952,1
22953,0
22954,1
22955,1
22956,1
22957,1
22958,0
22959,0
22960,1
22961,1
22962,0
22963,0
22964,1
22965,1
22966,1
22967,0
22968,0
22969,0
22970,1
22971,1
22972,1
22973,1
22974,0
22975,0
22976,1
22977,0
22978,1
22979,0
22980,1
22981,0
22982,0
22983,1
22984,1
22985,1
22986,1
22987,0
22988,1
22989,1
22990,1
22991,1
22992,0
22993,1
22994,1
22995,1
22996,1
22997,1
22998,1
22999,1
23000,1
23001,1
23002,1
23003,1
23004,0
23005,1
23006,1
23007,0
23008,0
23009,1
23010,0
23011,1
23012,0
23013,1
23014,0
23015,1
23016,0
23017,0
23018,0
23019,0
23020,0
23021,0
23022,1
23023,0
23024,1
23025,0
23026,1
23027,0
23028,1
23029,1
23030,0
23031,0
23032,1
23033,0
23034,1
23035,0
23036,1
23037,1
23038,1
23039,0
23040,1
23041,1
23042,0
23043,1
23044,1
23045,0
23046,0
23047,0
23048,1
23049,0
23050,1
23051,1
23052,0
23053,0
23054,1
23055,1
23056,1
23057,1
23058,1
23059,0
23060,0
23061,0
23062,1
23063,0
23064,0
23065,1
23066,1
23067,0
23068,1
23069,0
23070,0
23071,0
23072,0
23073,1
23074,0
23075,1
23076,1
23077,1
23078,1
23079,0
23080,1
23081,0
23082,0
23083,1
23084,0
23085,1
23086,1
23087,1
23088,0
23089,1
23090,0
23091,1
23092,0
23093,0
23094,1
23095,0
23096,0
23097,0
23098,1
23099,0
23100,0
23101,0
23102,0
23103,0
23104,1
23105,0
23106,0
23107,1
23108,0
23109,1
23110,1
23111,1
23112,0
23113,0
23114,1
23115,1
23116,0
23117,0
23118,1
23119,1
23120,1
23121,0
23122,1
23123,1
23124,1
23125,1
23126,1
23127,1
23128,1
23129,0
23130,1
23131,0
23132,0
23133,0
23134,0
23135,1
23136,1
23137,1
23138,0
23139,0
23140,1
23141,0
23142,1
23143,1
23144,0
23145,0
23146,0
23147,0
23148,0
23149,0
23150,1
23151,0
23152,1
23153,1
23154,0
23155,0
23156,1
23157,1
23158,0
23159,1
23160,0
23161,0
23162,0
23163,1
23164,0
23165,0
23166,1
23167,1
23168,1
23169,0
23170,0
23171,1
23172,1
23173,0
23174,1
23175,0
23176,0
23177,1
23178,1
23179,1
23180,1
23181,1
23182,1
23183,1
23184,0
23185,1
23186,1
23187,0
23188,0
23189,1
23190,1
23191,1
23192,1
23193,1
23194,1
23195,0
23196,1
23197,0
23198,0
23199,0
23200,1
23201,0
23202,1
23203,1
23204,1
23205,1
23206,1
23207,0
23208,1
23209,1
23210,1
23211,1
23212,1
23213,1
23214,1
23215,0
23216,1
23217,1
23218,1
23219,0
23220,0
23221,0
23222,0
23223,0
23224,0
23225,0
23226,0
23227,0
23228,0
23229,0
23230,0
23231,1
23232,1
23233,1
23234,1
23235,1
23236,1
23237,0
23238,0
23239,0
23240,0
23241,0
23242,0
23243,1
23244,0
23245,1
23246,0
23247,1
23248,1
23249,1
23250,0
23251,1
23252,0
23253,1
23254,1
23255,1
23256,1
23257,1
23258,0
23259,1
23260,0
23261,0
23262,0
23263,0
23264,0
23265,0
23266,0
23267,0
23268,1
23269,1
23270,0
23271,1
23272,1
23273,1
23274,0
23275,1
23276,1
23277,1
23278,1
23279,1
23280,1
23281,1
23282,0
23283,1
23284,1
23285,0
23286,1
23287,1
23288,0
23289,0
23290,1
23291,0
23292,0
23293,0
23294,0
23295,0
23296,0
23297,0
23298,1
23299,0
23300,0
23301,1
23302,1
23303,1
23304,1
23305,0
23306,1
23307,0
23308,0
23309,0
23310,1
23311,1
23312,1
23313,1
23314,1
23315,0
23316,1
23317,0
23318,1
23319,0
23320,1
23321,1
23322,0
23323,1
23324,1
23325,1
23326,1
23327,1
23328,1
23329,1
23330,0
23331,0
23332,1
23333,0
23334,1
23335,1
23336,0
23337,0
23338,1
23339,1
23340,1
23341,1
23342,1
23343,1
23344,1
23345,1
23346,0
23347,1
23348,0
23349,0
23350,1
23351,0
23352,0
23353,1
23354,1
23355,1
23356,1
23357,1
23358,1
23359,0
23360,1
23361,1
23362,1
23363,1
23364,0
23365,0
23366,1
23367,1
23368,1
23369,0
23370,1
23371,0
23372,1
23373,1
23374,0
23375,1
23376,0
23377,1
23378,1
23379,0
23380,1
23381,0
23382,0
23383,1
23384,1
23385,1
23386,0
23387,0
23388,0
23389,0
23390,1
23391,1
23392,1
23393,1
23394,1
23395,1
23396,1
23397,1
23398,1
23399,0
23400,0
23401,0
23402,1
23403,1
23404,1
23405,0
23406,0
23407,0
23408,1
23409,1
23410,1
23411,1
23412,0
23413,0
23414,0
23415,1
23416,1
23417,0
23418,1
23419,0
23420,1
23421,1
23422,1
23423,1
23424,1
23425,0
23426,1
23427,1
23428,1
23429,0
23430,0
23431,1
23432,0
23433,0
23434,1
23435,1
23436,0
23437,1
23438,0
23439,0
23440,1
23441,0
23442,1
23443,1
23444,0
23445,1
23446,1
23447,1
23448,0
23449,0
23450,1
23451,0
23452,1
23453,0
23454,0
23455,1
23456,1
23457,1
23458,1
23459,1
23460,1
23461,1
23462,1
23463,1
23464,1
23465,1
23466,0
23467,1
23468,0
23469,0
23470,0
23471,1
23472,0
23473,1
23474,0
23475,1
23476,1
23477,1
23478,0
23479,0
23480,1
23481,0
23482,1
23483,0
23484,0
23485,1
23486,0
23487,1
23488,1
23489,1
23490,0
23491,0
23492,1
23493,0
23494,1
23495,1
23496,0
23497,0
23498,1
23499,1
23500,0
23501,1
23502,1
23503,1
23504,0
23505,1
23506,1
23507,1
23508,0
23509,0
23510,0
23511,1
23512,0
23513,0
23514,1
23515,0
23516,0
23517,1
23518,0
23519,0
23520,1
23521,0
23522,1
23523,1
23524,1
23525,1
23526,1
23527,0
23528,1
23529,0
23530,0
23531,1
23532,0
23533,1
23534,1
23535,1
23536,0
23537,0
23538,1
23539,0
23540,1
23541,1
23542,0
23543,0
23544,0
23545,0
23546,1
23547,0
23548,1
23549,1
23550,1
23551,1
23552,1
23553,1
23554,0
23555,1
23556,0
23557,1
23558,1
23559,1
23560,1
23561,0
23562,0
23563,0
23564,1
23565,0
23566,1
23567,0
23568,1
23569,0
23570,0
23571,0
23572,1
23573,1
23574,0
23575,0
23576,0
23577,0
23578,0
23579,0
23580,1
23581,1
23582,1
23583,0
23584,1
23585,1
23586,1
23587,0
23588,1
23589,0
23590,0
23591,1
23592,0
23593,1
23594,1
23595,1
23596,0
23597,0
23598,0
23599,1
23600,0
23601,0
23602,1
23603,0
23604,0
23605,0
23606,1
23607,0
23608,0
23609,1
23610,1
23611,1
23612,1
23613,1
23614,1
23615,0
23616,1
23617,1
23618,0
23619,0
23620,1
23621,1
23622,1
23623,1
23624,1
23625,0
23626,0
23627,1
23628,0
23629,1
23630,0
23631,0
23632,0
23633,1
23634,0
23635,1
23636,0
23637,0
23638,1
23639,0
23640,0
23641,0
23642,1
23643,1
23644,1
23645,1
23646,1
23647,0
23648,0
23649,1
23650,1
23651,0
23652,0
23653,1
23654,1
23655,0
23656,1
23657,1
23658,0
23659,0
23660,0
23661,0
23662,0
23663,1
23664,0
23665,0
23666,0
23667,0
23668,0
23669,1
23670,0
23671,1
23672,0
23673,1
23674,1
23675,1
23676,1
23677,1
23678,1
23679,1
23680,0
23681,0
23682,1
23683,0
23684,0
23685,0
23686,1
23687,1
23688,1
23689,1
23690,0
23691,0
23692,1
23693,0
23694,0
23695,0
23696,1
23697,0
23698,0
23699,0
23700,1
23701,1
23702,1
23703,1
23704,0
23705,0
23706,0
23707,1
23708,0
23709,1
23710,0
23711,1
23712,1
23713,0
23714,0
23715,0
23716,1
23717,0
23718,1
23719,1
23720,1
23721,0
23722,0
23723,1
23724,1
23725,0
23726,1
23727,1
23728,1
23729,1
23730,0
23731,0
23732,0
23733,1
23734,1
23735,1
23736,1
23737,1
23738,1
23739,1
23740,0
23741,1
23742,1
23743,0
23744,0
23745,1
23746,1
23747,1
23748,0
23749,1
23750,0
23751,1
23752,0
23753,1
23754,1
23755,0
23756,0
23757,0
23758,1
23759,1
23760,0
23761,1
23762,0
23763,1
23764,0
23765,1
23766,1
23767,0
23768,0
23769,1
23770,1
23771,1
23772,0
23773,1
23774,1
23775,0
23776,0
23777,0
23778,1
23779,0
23780,0
23781,1
23782,0
23783,0
23784,1
23785,1
23786,1
23787,1
23788,0
23789,1
23790,0
23791,1
23792,0
23793,0
23794,0
23795,1
23796,1
23797,0
23798,1
23799,0
23800,0
23801,1
23802,1
23803,0
23804,1
23805,0
23806,1
23807,1
23808,0
23809,0
23810,1
23811,0
23812,1
23813,1
23814,1
23815,1
23816,0
23817,1
23818,1
23819,0
23820,1
23821,1
23822,0
23823,1
23824,1
23825,1
23826,0
23827,0
23828,1
23829,1
23830,1
23831,1
23832,1
23833,1
23834,1
23835,1
23836,1
23837,1
23838,1
23839,1
23840,1
23841,1
23842,0
23843,1
23844,1
23845,1
23846,0
23847,1
23848,1
23849,1
23850,0
23851,1
23852,1
23853,0
23854,1
23855,0
23856,0
23857,1
23858,0
23859,1
23860,0
23861,1
23862,1
23863,0
23864,0
23865,1
23866,1
23867,1
23868,1
23869,1
23870,1
23871,0
23872,1
23873,0
23874,0
23875,0
23876,0
23877,1
23878,0
23879,0
23880,0
23881,0
23882,1
23883,0
23884,1
23885,0
23886,0
23887,1
23888,1
23889,0
23890,1
23891,0
23892,1
23893,1
23894,0
23895,1
23896,1
23897,0
23898,0
23899,0
23900,0
23901,0
23902,0
23903,0
23904,0
23905,0
23906,0
23907,1
23908,1
23909,1
23910,0
23911,0
23912,1
23913,0
23914,1
23915,0
23916,0
23917,1
23918,0
23919,1
23920,0
23921,0
23922,0
23923,1
23924,0
23925,1
23926,1
23927,1
23928,1
23929,0
23930,0
23931,0
23932,0
23933,1
23934,1
23935,0
23936,0
23937,1
23938,0
23939,0
23940,0
23941,0
23942,1
23943,0
23944,0
23945,1
23946,1
23947,0
23948,1
23949,0
23950,0
23951,1
23952,1
23953,1
23954,1
23955,1
23956,1
23957,1
23958,0
23959,0
23960,1
23961,0
23962,0
23963,1
23964,0
23965,1
23966,0
23967,0
23968,0
23969,0
23970,1
23971,1
23972,1
23973,0
23974,1
23975,0
23976,0
23977,1
23978,0
23979,1
23980,0
23981,0
23982,0
23983,1
23984,1
23985,1
23986,1
23987,1
23988,0
23989,0
23990,0
23991,1
23992,0
23993,1
23994,0
23995,0
23996,1
23997,0
23998,1
23999,0
24000,1
24001,1
24002,0
24003,1
24004,1
24005,0
24006,1
24007,1
24008,1
24009,1
24010,1
24011,0
24012,0
24013,0
24014,0
24015,0
24016,1
24017,1
24018,0
24019,1
24020,0
24021,1
24022,1
24023,1
24024,0
24025,1
24026,1
24027,1
24028,1
24029,0
24030,1
24031,1
24032,0
24033,1
24034,0
24035,1
24036,1
24037,0
24038,0
24039,0
24040,1
24041,1
24042,0
24043,1
24044,1
24045,1
24046,0
24047,1
24048,0
24049,1
24050,0
24051,1
24052,1
24053,0
24054,1
24055,1
24056,0
24057,0
24058,0
24059,1
24060,0
24061,1
24062,1
24063,1
24064,0
24065,0
24066,0
24067,1
24068,0
24069,1
24070,0
24071,1
24072,0
24073,1
24074,0
24075,1
24076,0
24077,1
24078,1
24079,1
24080,1
24081,0
24082,1
24083,1
24084,1
24085,0
24086,1
24087,0
24088,1
24089,0
24090,1
24091,1
24092,0
24093,0
24094,1
24095,1
24096,1
24097,0
24098,1
24099,0
24100,1
24101,1
24102,1
24103,0
24104,0
24105,0
24106,1
24107,0
24108,0
24109,0
24110,1
24111,0
24112,1
24113,0
24114,1
24115,1
24116,0
24117,1
24118,0
24119,1
24120,0
24121,1
24122,0
24123,0
24124,0
24125,1
24126,1
24127,1
24128,1
24129,1
24130,1
24131,1
24132,1
24133,1
24134,1
24135,0
24136,1
24137,1
24138,1
24139,0
24140,0
24141,1
24142,1
24143,0
24144,0
24145,0
24146,1
24147,0
24148,1
24149,1
24150,1
24151,0
24152,1
24153,1
24154,0
24155,0
24156,0
24157,1
24158,0
24159,1
24160,1
24161,1
24162,0
24163,1
24164,1
24165,0
24166,1
24167,0
24168,1
24169,1
24170,1
24171,1
24172,0
24173,0
24174,1
24175,0
24176,0
24177,0
24178,1
24179,0
24180,1
24181,1
24182,1
24183,0
24184,1
24185,1
24186,1
24187,0
24188,1
24189,1
24190,1
24191,1
24192,0
24193,1
24194,0
24195,0
24196,0
24197,0
24198,1
24199,0
24200,1
24201,0
24202,0
24203,1
24204,1
24205,1
24206,0
24207,1
24208,0
24209,1
24210,0
24211,1
24212,0
24213,1
24214,0
24215,0
24216,0
24217,0
24218,1
24219,0
24220,0
24221,1
24222,0
24223,0
24224,1
24225,0
24226,1
24227,0
24228,1
24229,0
24230,0
24231,1
24232,1
24233,0
24234,1
24235,1
24236,0
24237,0
24238,0
24239,0
24240,1
24241,1
24242,1
24243,1
24244,1
24245,1
24246,0
24247,0
24248,1
24249,1
24250,0
24251,1
24252,1
24253,1
24254,0
24255,0
24256,1
24257,1
24258,1
24259,0
24260,0
24261,0
24262,1
24263,1
24264,0
24265,0
24266,0
24267,1
24268,0
24269,0
24270,1
24271,1
24272,1
24273,0
24274,1
24275,1
24276,1
24277,1
24278,0
24279,1
24280,1
24281,0
24282,0
24283,1
24284,1
24285,1
24286,1
24287,0
24288,1
24289,1
24290,1
24291,0
24292,0
24293,1
24294,0
24295,1
24296,1
24297,1
24298,1
24299,1
24300,1
24301,1
24302,0
24303,0
24304,0
24305,0
24306,0
24307,1
24308,1
24309,0
24310,0
24311,0
24312,0
24313,1
24314,0
24315,1
24316,1
24317,0
24318,1
24319,1
24320,1
24321,0
24322,1
24323,1
24324,0
24325,1
24326,1
24327,0
24328,1
24329,1
24330,1
24331,1
24332,1
24333,1
24334,1
24335,0
24336,1
24337,1
24338,0
24339,1
24340,0
24341,1
24342,0
24343,0
24344,1
24345,1
24346,1
24347,0
24348,0
24349,0
24350,1
24351,0
24352,1
24353,0
24354,0
24355,1
24356,1
24357,0
24358,0
24359,1
24360,0
24361,0
24362,1
24363,1
24364,1
24365,1
24366,0
24367,0
24368,1
24369,1
24370,0
24371,0
24372,1
24373,0
24374,0
24375,0
24376,0
24377,0
24378,0
24379,1
24380,1
24381,1
24382,0
24383,0
24384,0
24385,0
24386,1
24387,1
24388,0
24389,1
24390,0
24391,1
24392,0
24393,0
24394,0
24395,0
24396,1
24397,0
24398,1
24399,0
24400,1
24401,1
24402,1
24403,0
24404,1
24405,0
24406,1
24407,1
24408,1
24409,0
24410,1
24411,0
24412,0
24413,1
24414,0
24415,1
24416,0
24417,1
24418,1
24419,1
24420,0
24421,0
24422,0
24423,1
24424,1
24425,1
24426,1
24427,1
24428,1
24429,0
24430,0
24431,0
24432,1
24433,0
24434,1
24435,1
24436,0
24437,0
24438,0
24439,0
24440,0
24441,1
24442,0
24443,0
24444,1
24445,1
24446,0
24447,1
24448,1
24449,1
24450,1
24451,0
24452,0
24453,1
24454,0
24455,0
24456,1
24457,0
24458,1
24459,0
24460,0
24461,1
24462,1
24463,0
24464,0
24465,1
24466,1
24467,0
24468,0
24469,0
24470,0
24471,1
24472,0
24473,0
24474,0
24475,1
24476,0
24477,0
24478,1
24479,1
24480,0
24481,1
24482,0
24483,1
24484,1
24485,0
24486,0
24487,1
24488,0
24489,1
24490,0
24491,1
24492,0
24493,0
24494,0
24495,1
24496,1
24497,0
24498,0
24499,1
24500,1
24501,1
24502,0
24503,0
24504,0
24505,0
24506,0
24507,0
24508,1
24509,0
24510,1
24511,1
24512,0
24513,1
24514,1
24515,1
24516,1
24517,0
24518,1
24519,1
24520,1
24521,1
24522,0
24523,0
24524,1
24525,0
24526,1
24527,1
24528,1
24529,0
24530,0
24531,0
24532,1
24533,1
24534,1
24535,1
24536,0
24537,0
24538,1
24539,0
24540,0
24541,1
24542,1
24543,0
24544,1
24545,0
24546,1
24547,0
24548,0
24549,1
24550,1
24551,1
24552,1
24553,0
24554,1
24555,0
24556,1
24557,1
24558,0
24559,1
24560,0
24561,1
24562,1
24563,0
24564,1
24565,1
24566,1
24567,0
24568,0
24569,1
24570,1
24571,1
24572,1
24573,1
24574,0
24575,1
24576,0
24577,1
24578,1
24579,1
24580,1
24581,1
24582,1
24583,1
24584,1
24585,1
24586,1
24587,1
24588,1
24589,0
24590,1
24591,1
24592,1
24593,0
24594,1
24595,1
24596,1
24597,0
24598,1
24599,0
24600,1
24601,1
24602,0
24603,0
24604,0
24605,1
24606,1
24607,1
24608,1
24609,1
24610,0
24611,1
24612,0
24613,1
24614,0
24615,0
24616,1
24617,0
24618,1
24619,1
24620,0
24621,0
24622,0
24623,1
24624,0
24625,1
24626,0
24627,0
24628,0
24629,0
24630,0
24631,0
24632,1
24633,0
24634,0
24635,0
24636,1
24637,1
24638,0
24639,0
24640,1
24641,0
24642,1
24643,1
24644,1
24645,1
24646,1
24647,0
24648,0
24649,1
24650,1
24651,0
24652,1
24653,1
24654,1
24655,1
24656,0
24657,1
24658,1
24659,1
24660,0
24661,1
24662,1
24663,1
24664,1
24665,0
24666,0
24667,1
24668,1
24669,0
24670,1
24671,0
24672,1
24673,0
24674,0
24675,0
24676,0
24677,1
24678,0
24679,1
24680,1
24681,0
24682,0
24683,0
24684,0
24685,0
24686,0
24687,0
24688,1
24689,0
24690,0
24691,0
24692,0
24693,1
24694,0
24695,1
24696,0
24697,1
24698,0
24699,0
24700,1
24701,0
24702,1
24703,0
24704,0
24705,0
24706,0
24707,1
24708,1
24709,0
24710,1
24711,1
24712,1
24713,1
24714,1
24715,1
24716,1
24717,1
24718,0
24719,0
24720,0
24721,1
24722,0
24723,1
24724,1
24725,1
24726,0
24727,0
24728,1
24729,0
24730,0
24731,1
24732,1
24733,1
24734,1
24735,1
24736,1
24737,0
24738,1
24739,0
24740,0
24741,1
24742,1
24743,1
24744,0
24745,1
24746,1
24747,1
24748,1
24749,1
24750,1
24751,0
24752,1
24753,0
24754,0
24755,0
24756,1
24757,0
24758,1
24759,1
24760,1
24761,1
24762,0
24763,0
24764,1
24765,0
24766,0
24767,0
24768,0
24769,1
24770,1
24771,1
24772,1
24773,0
24774,1
24775,1
24776,0
24777,1
24778,1
24779,1
24780,1
24781,1
24782,0
24783,0
24784,0
24785,1
24786,0
24787,1
24788,1
24789,1
24790,1
24791,0
24792,0
24793,0
24794,1
24795,1
24796,1
24797,0
24798,1
24799,1
24800,1
24801,1
24802,0
24803,1
24804,1
24805,0
24806,1
24807,0
24808,1
24809,1
24810,0
24811,1
24812,1
24813,1
24814,0
24815,0
24816,0
24817,0
24818,1
24819,0
24820,1
24821,1
24822,1
24823,1
24824,1
24825,0
24826,0
24827,0
24828,1
24829,1
24830,0
24831,0
24832,1
24833,1
24834,1
24835,1
24836,1
24837,0
24838,1
24839,1
24840,1
24841,1
24842,1
24843,0
24844,0
24845,0
24846,0
24847,1
24848,1
24849,1
24850,0
24851,0
24852,1
24853,1
24854,0
24855,1
24856,0
24857,0
24858,0
24859,1
24860,0
24861,0
24862,0
24863,1
24864,1
24865,1
24866,0
24867,1
24868,1
24869,0
24870,0
24871,1
24872,1
24873,1
24874,1
24875,0
24876,0
24877,1
24878,0
24879,0
24880,1
24881,0
24882,1
24883,0
24884,1
24885,1
24886,1
24887,1
24888,0
24889,1
24890,0
24891,1
24892,0
24893,1
24894,1
24895,1
24896,1
24897,1
24898,0
24899,0
24900,1
24901,1
24902,1
24903,1
24904,1
24905,0
24906,0
24907,1
24908,1
24909,1
24910,0
24911,1
24912,1
24913,1
24914,1
24915,0
24916,0
24917,1
24918,1
24919,1
24920,1
24921,0
24922,0
24923,1
24924,1
24925,1
24926,1
24927,0
24928,1
24929,0
24930,1
24931,1
24932,1
24933,1
24934,0
24935,0
24936,0
24937,1
24938,0
24939,0
24940,1
24941,0
24942,1
24943,0
24944,1
24945,1
24946,0
24947,1
24948,1
24949,0
24950,1
24951,0
24952,0
24953,1
24954,1
24955,0
24956,1
24957,0
24958,0
24959,1
24960,0
24961,1
24962,0
24963,1
24964,1
24965,0
24966,1
24967,0
24968,1
24969,1
24970,0
24971,0
24972,1
24973,1
24974,0
24975,1
24976,1
24977,0
24978,1
24979,0
24980,0
24981,0
24982,1
24983,1
24984,1
24985,1
24986,1
24987,0
24988,0
24989,1
24990,0
24991,1
24992,0
24993,1
24994,1
24995,0
24996,0
24997,0
24998,1
24999,1
25000,0
25001,1
25002,0
25003,1
25004,0
25005,1
25006,0
25007,0
25008,1
25009,1
25010,1
25011,0
25012,0
25013,1
25014,0
25015,1
25016,1
25017,1
25018,0
25019,0
25020,1
25021,1
25022,0
25023,0
25024,1
25025,1
25026,1
25027,0
25028,0
25029,0
25030,1
25031,1
25032,0
25033,1
25034,0
25035,1
25036,0
25037,0
25038,1
25039,0
25040,0
25041,0
25042,1
25043,0
25044,1
25045,1
25046,1
25047,1
25048,1
25049,1
25050,1
25051,1
25052,1
25053,0
25054,1
25055,1
25056,0
25057,0
25058,1
25059,0
25060,0
25061,1
25062,0
25063,1
25064,1
25065,1
25066,0
25067,1
25068,1
25069,0
25070,1
25071,1
25072,0
25073,0
25074,1
25075,0
25076,0
25077,1
25078,1
25079,0
25080,0
25081,0
25082,0
25083,0
25084,0
25085,0
25086,1
25087,0
25088,0
25089,1
25090,0
25091,0
25092,1
25093,1
25094,1
25095,1
25096,0
25097,1
25098,0
25099,1
25100,0
25101,1
25102,1
25103,0
25104,1
25105,0
25106,0
25107,1
25108,1
25109,1
25110,1
25111,0
25112,0
25113,0
25114,0
25115,0
25116,0
25117,1
25118,1
25119,0
25120,1
25121,1
25122,1
25123,0
25124,0
25125,1
25126,1
25127,1
25128,0
25129,0
25130,1
25131,1
25132,1
25133,0
25134,1
25135,0
25136,1
25137,1
25138,1
25139,0
25140,1
25141,0
25142,0
25143,1
25144,1
25145,1
25146,1
25147,1
25148,0
25149,0
25150,0
25151,0
25152,1
25153,1
25154,1
25155,1
25156,1
25157,0
25158,1
25159,0
25160,0
25161,1
25162,0
25163,1
25164,1
25165,0
25166,0
25167,0
25168,0
25169,0
25170,0
25171,0
25172,0
25173,0
25174,1
25175,1
25176,0
25177,1
25178,1
25179,1
25180,1
25181,1
25182,1
25183,1
25184,1
25185,0
25186,0
25187,1
25188,0
25189,0
25190,0
25191,1
25192,1
25193,1
25194,1
25195,0
25196,0
25197,0
25198,1
25199,0
25200,1
25201,1
25202,1
25203,0
25204,1
25205,0
25206,0
25207,0
25208,1
25209,0
25210,0
25211,0
25212,0
25213,1
25214,1
25215,1
25216,0
25217,1
25218,1
25219,0
25220,1
25221,1
25222,1
25223,1
25224,0
25225,1
25226,1
25227,1
25228,1
25229,1
25230,1
25231,1
25232,1
25233,1
25234,1
25235,1
25236,1
25237,1
25238,1
25239,1
25240,1
25241,0
25242,0
25243,0
25244,0
25245,1
25246,1
25247,1
25248,1
25249,0
25250,1
25251,1
25252,1
25253,0
25254,0
25255,1
25256,1
25257,1
25258,1
25259,0
25260,0
25261,1
25262,1
25263,1
25264,1
25265,1
25266,1
25267,0
25268,0
25269,0
25270,1
25271,1
25272,0
25273,0
25274,0
25275,1
25276,0
25277,1
25278,0
25279,0
25280,1
25281,0
25282,0
25283,1
25284,1
25285,0
25286,1
25287,0
25288,0
25289,1
25290,1
25291,1
25292,0
25293,0
25294,1
25295,0
25296,1
25297,1
25298,1
25299,1
25300,0
25301,1
25302,0
25303,0
25304,0
25305,1
25306,1
25307,0
25308,0
25309,0
25310,0
25311,1
25312,0
25313,1
25314,1
25315,1
25316,0
25317,1
25318,1
25319,1
25320,0
25321,1
25322,1
25323,0
25324,0
25325,1
25326,0
25327,0
25328,0
25329,0
25330,0
25331,0
25332,1
25333,0
25334,1
25335,0
25336,0
25337,1
25338,0
25339,1
25340,1
25341,1
25342,0
25343,0
25344,1
25345,0
25346,1
25347,1
25348,1
25349,1
25350,1
25351,1
25352,1
25353,1
25354,1
25355,1
25356,0
25357,1
25358,1
25359,0
25360,1
25361,1
25362,0
25363,1
25364,0
25365,0
25366,1
25367,1
25368,0
25369,1
25370,1
25371,1
25372,1
25373,1
25374,1
25375,0
25376,0
25377,0
25378,1
25379,1
25380,1
25381,0
25382,1
25383,1
25384,0
25385,0
25386,1
25387,1
25388,0
25389,1
25390,0
25391,0
25392,1
25393,0
25394,1
25395,1
25396,1
25397,1
25398,1
25399,0
25400,1
25401,0
25402,0
25403,1
25404,1
25405,0
25406,1
25407,0
25408,1
25409,1
25410,1
25411,0
25412,1
25413,1
25414,1
25415,0
25416,1
25417,1
25418,0
25419,0
25420,1
25421,0
25422,1
25423,0
25424,1
25425,0
25426,1
25427,1
25428,1
25429,1
25430,1
25431,1
25432,0
25433,1
25434,0
25435,0
25436,0
25437,1
25438,1
25439,1
25440,1
25441,0
25442,1
25443,1
25444,0
25445,1
25446,1
25447,1
25448,0
25449,0
25450,0
25451,0
25452,0
25453,1
25454,1
25455,0
25456,0
25457,1
25458,1
25459,1
25460,0
25461,0
25462,0
25463,1
25464,1
25465,1
25466,1
25467,1
25468,1
25469,0
25470,1
25471,1
25472,0
25473,1
25474,0
25475,0
25476,0
25477,1
25478,1
25479,1
25480,1
25481,1
25482,1
25483,1
25484,0
25485,1
25486,0
25487,0
25488,0
25489,0
25490,1
25491,1
25492,1
25493,0
25494,0
25495,0
25496,1
25497,1
25498,0
25499,1
25500,1
25501,0
25502,1
25503,1
25504,0
25505,0
25506,1
25507,1
25508,0
25509,1
25510,1
25511,1
25512,0
25513,1
25514,1
25515,1
25516,0
25517,1
25518,1
25519,1
25520,1
25521,0
25522,1
25523,0
25524,0
25525,1
25526,1
25527,0
25528,0
25529,0
25530,0
25531,0
25532,1
25533,1
25534,1
25535,1
25536,1
25537,0
25538,0
25539,1
25540,1
25541,0
25542,0
25543,1
25544,1
25545,1
25546,1
25547,0
25548,1
25549,1
25550,0
25551,0
25552,1
25553,1
25554,1
25555,0
25556,1
25557,1
25558,1
25559,1
25560,1
25561,0
25562,0
25563,1
25564,0
25565,1
25566,1
25567,0
25568,1
25569,0
25570,1
25571,1
25572,1
25573,1
25574,0
25575,0
25576,1
25577,0
25578,0
25579,1
25580,1
25581,1
25582,1
25583,0
25584,1
25585,0
25586,1
25587,1
25588,0
25589,0
25590,0
25591,1
25592,1
25593,0
25594,0
25595,1
25596,0
25597,1
25598,0
25599,1
25600,1
25601,1
25602,0
25603,0
25604,0
25605,0
25606,0
25607,0
25608,0
25609,1
25610,0
25611,1
25612,1
25613,0
25614,0
25615,1
25616,0
25617,1
25618,1
25619,0
25620,0
25621,0
25622,0
25623,1
25624,1
25625,1
25626,0
25627,1
25628,1
25629,1
25630,1
25631,1
25632,1
25633,1
25634,1
25635,1
25636,1
25637,0
25638,1
25639,1
25640,1
25641,1
25642,1
25643,1
25644,0
25645,1
25646,0
25647,0
25648,0
25649,0
25650,1
25651,0
25652,1
25653,1
25654,0
25655,1
25656,0
25657,0
25658,1
25659,1
25660,0
25661,0
25662,1
25663,1
25664,1
25665,1
25666,0
25667,0
25668,0
25669,0
25670,0
25671,0
25672,1
25673,1
25674,0
25675,0
25676,0
25677,0
25678,0
25679,1
25680,1
25681,0
25682,1
25683,0
25684,0
25685,1
25686,1
25687,1
25688,1
25689,1
25690,0
25691,0
25692,0
25693,0
25694,0
25695,1
25696,1
25697,1
25698,1
25699,1
25700,1
25701,0
25702,1
25703,1
25704,1
25705,0
25706,0
25707,1
25708,0
25709,1
25710,1
25711,1
25712,1
25713,0
25714,0
25715,1
25716,1
25717,1
25718,1
25719,0
25720,0
25721,1
25722,0
25723,1
25724,1
25725,1
25726,1
25727,0
25728,0
25729,0
25730,1
25731,1
25732,0
25733,1
25734,1
25735,0
25736,0
25737,0
25738,0
25739,1
25740,1
25741,0
25742,0
25743,0
25744,0
25745,1
25746,0
25747,0
25748,1
25749,1
25750,0
25751,0
25752,1
25753,1
25754,1
25755,1
25756,1
25757,0
25758,0
25759,0
25760,1
25761,1
25762,0
25763,1
25764,0
25765,0
25766,0
25767,1
25768,1
25769,0
25770,1
25771,0
25772,1
25773,0
25774,1
25775,1
25776,0
25777,0
25778,0
25779,1
25780,0
25781,0
25782,1
25783,1
25784,0
25785,0
25786,1
25787,1
25788,0
25789,1
25790,1
25791,0
25792,1
25793,0
25794,0
25795,1
25796,1
25797,0
25798,1
25799,0
25800,1
25801,0
25802,1
25803,1
25804,0
25805,1
25806,1
25807,1
25808,1
25809,1
25810,0
25811,0
25812,1
25813,1
25814,1
25815,1
25816,0
25817,1
25818,1
25819,0
25820,1
25821,0
25822,0
25823,0
25824,1
25825,0
25826,1
25827,1
25828,0
25829,1
25830,1
25831,0
25832,0
25833,0
25834,0
25835,1
25836,0
25837,0
25838,0
25839,0
25840,1
25841,0
25842,0
25843,1
25844,1
25845,1
25846,0
25847,0
25848,1
25849,1
25850,0
25851,0
25852,0
25853,1
25854,0
25855,0
25856,0
25857,1
25858,1
25859,0
25860,0
25861,0
25862,0
25863,0
25864,0
25865,1
25866,1
25867,1
25868,0
25869,1
25870,0
25871,0
25872,0
25873,0
25874,0
25875,1
25876,1
25877,0
25878,0
25879,1
25880,0
25881,0
25882,0
25883,0
25884,1
25885,1
25886,1
25887,1
25888,1
25889,1
25890,1
25891,1
25892,1
25893,1
25894,0
25895,1
25896,0
25897,0
25898,1
25899,0
25900,1
25901,0
25902,1
25903,0
25904,0
25905,1
25906,0
25907,0
25908,1
25909,1
25910,1
25911,0
25912,1
25913,0
25914,1
25915,1
25916,0
25917,1
25918,1
25919,0
25920,1
25921,0
25922,1
25923,1
25924,0
25925,1
25926,1
25927,1
25928,0
25929,1
25930,0
25931,1
25932,0
25933,1
25934,1
25935,0
25936,1
25937,0
25938,0
25939,1
25940,1
25941,1
25942,0
25943,1
25944,1
25945,1
25946,1
25947,0
25948,1
25949,0
25950,0
25951,1
25952,1
25953,1
25954,1
25955,0
25956,0
25957,1
25958,0
25959,1
25960,0
25961,1
25962,1
25963,1
25964,1
25965,0
25966,1
25967,0
25968,0
25969,0
25970,0
25971,1
25972,0
25973,1
25974,0
25975,1
25976,1
25977,1
25978,0
25979,0
25980,0
25981,1
25982,0
25983,1
25984,1
25985,0
25986,1
25987,0
25988,0
25989,1
25990,1
25991,1
25992,1
25993,0
25994,1
25995,0
25996,1
25997,0
25998,1
25999,0
